insert into regions (region_id, region_name) values (3, 'US-WA');
insert into regions (region_id, region_name) values (4, 'NZ-AUK');
insert into regions (region_id, region_name) values (5, 'UA-77');
insert into regions (region_id, region_name) values (6, 'ZA-NP');
insert into regions (region_id, region_name) values (7, 'AU-WA');
insert into regions (region_id, region_name) values (8, 'GL-U-A');
insert into regions (region_id, region_name) values (9, 'PG-WBK');
insert into regions (region_id, region_name) values (10, 'US-WV');
insert into regions (region_id, region_name) values (11, 'MX-TAM');
insert into regions (region_id, region_name) values (12, 'US-CA');
insert into regions (region_id, region_name) values (13, 'BR-GO');
insert into regions (region_id, region_name) values (14, 'JO-AM');
insert into regions (region_id, region_name) values (15, 'DZ-33');
insert into regions (region_id, region_name) values (16, 'US-AK');
insert into regions (region_id, region_name) values (17, 'US-MS');
insert into regions (region_id, region_name) values (18, 'US-WA');
insert into regions (region_id, region_name) values (19, 'BR-SC');
insert into regions (region_id, region_name) values (20, 'TD-SA');
insert into regions (region_id, region_name) values (21, 'US-MN');
insert into regions (region_id, region_name) values (22, 'GB-SCT');
insert into regions (region_id, region_name) values (23, 'CA-QC');
insert into regions (region_id, region_name) values (24, 'CN-13');
insert into regions (region_id, region_name) values (25, 'KZ-PAV');
insert into regions (region_id, region_name) values (26, 'AU-NT');
insert into regions (region_id, region_name) values (27, 'CA-NT');
insert into regions (region_id, region_name) values (28, 'CA-BC');
insert into regions (region_id, region_name) values (29, 'US-VA');
insert into regions (region_id, region_name) values (30, 'CM-EN');
insert into regions (region_id, region_name) values (31, 'NP-KO');
insert into regions (region_id, region_name) values (32, 'US-OR');
insert into regions (region_id, region_name) values (33, 'UA-77');
insert into regions (region_id, region_name) values (34, 'US-KS');
insert into regions (region_id, region_name) values (35, 'PG-ESW');
insert into regions (region_id, region_name) values (36, 'CN-13');
insert into regions (region_id, region_name) values (37, 'BR-MS');
insert into regions (region_id, region_name) values (38, 'EG-C');
insert into regions (region_id, region_name) values (39, 'BG-25');
insert into regions (region_id, region_name) values (40, 'IN-UP');

insert into jobs (job_id, job_title, min_salary, max_salary) values (1, 'Quality Engineer', 318, 1508);
insert into jobs (job_id, job_title, min_salary, max_salary) values (2, 'Geological Engineer', 833, 3040);
insert into jobs (job_id, job_title, min_salary, max_salary) values (3, 'Electrical Engineer', 471, 5185);
insert into jobs (job_id, job_title, min_salary, max_salary) values (4, 'Financial Analyst', 389, 9812);
insert into jobs (job_id, job_title, min_salary, max_salary) values (5, 'Senior Quality Engineer', 124, 5112);
insert into jobs (job_id, job_title, min_salary, max_salary) values (6, 'Assistant Manager', 277, 7577);
insert into jobs (job_id, job_title, min_salary, max_salary) values (7, 'GIS Technical Architect', 284, 8541);
insert into jobs (job_id, job_title, min_salary, max_salary) values (8, 'VP Marketing', 37, 9113);
insert into jobs (job_id, job_title, min_salary, max_salary) values (9, 'Accountant III', 395, 3902);
insert into jobs (job_id, job_title, min_salary, max_salary) values (10, 'Accountant I', 258, 5920);
insert into jobs (job_id, job_title, min_salary, max_salary) values (11, 'Tax Accountant', 766, 5584);
insert into jobs (job_id, job_title, min_salary, max_salary) values (12, 'Director of Sales', 1, 9713);
insert into jobs (job_id, job_title, min_salary, max_salary) values (13, 'Assistant Professor', 588, 9819);
insert into jobs (job_id, job_title, min_salary, max_salary) values (14, 'Safety Technician IV', 885, 2633);
insert into jobs (job_id, job_title, min_salary, max_salary) values (15, 'Geological Engineer', 941, 8550);
insert into jobs (job_id, job_title, min_salary, max_salary) values (16, 'Librarian', 485, 3923);
insert into jobs (job_id, job_title, min_salary, max_salary) values (17, 'Dental Hygienist', 926, 1155);
insert into jobs (job_id, job_title, min_salary, max_salary) values (18, 'Project Manager', 132, 5885);
insert into jobs (job_id, job_title, min_salary, max_salary) values (19, 'Chief Design Engineer', 628, 7320);
insert into jobs (job_id, job_title, min_salary, max_salary) values (20, 'Assistant Manager', 43, 5355);
insert into jobs (job_id, job_title, min_salary, max_salary) values (21, 'Help Desk Technician', 835, 3584);
insert into jobs (job_id, job_title, min_salary, max_salary) values (22, 'Librarian', 35, 5904);
insert into jobs (job_id, job_title, min_salary, max_salary) values (23, 'Junior Executive', 45, 2690);
insert into jobs (job_id, job_title, min_salary, max_salary) values (24, 'VP Quality Control', 29, 4977);
insert into jobs (job_id, job_title, min_salary, max_salary) values (25, 'Computer Systems Analyst III', 587, 6450);
insert into jobs (job_id, job_title, min_salary, max_salary) values (26, 'Senior Quality Engineer', 256, 5754);
insert into jobs (job_id, job_title, min_salary, max_salary) values (27, 'Assistant Media Planner', 782, 7324);
insert into jobs (job_id, job_title, min_salary, max_salary) values (28, 'Safety Technician I', 538, 5231);
insert into jobs (job_id, job_title, min_salary, max_salary) values (29, 'Research Nurse', 114, 9837);
insert into jobs (job_id, job_title, min_salary, max_salary) values (30, 'Physical Therapy Assistant', 473, 2414);
insert into jobs (job_id, job_title, min_salary, max_salary) values (31, 'Executive Secretary', 488, 2422);
insert into jobs (job_id, job_title, min_salary, max_salary) values (32, 'Operator', 602, 3485);
insert into jobs (job_id, job_title, min_salary, max_salary) values (33, 'Quality Engineer', 164, 8545);
insert into jobs (job_id, job_title, min_salary, max_salary) values (34, 'VP Quality Control', 375, 2226);
insert into jobs (job_id, job_title, min_salary, max_salary) values (35, 'Speech Pathologist', 851, 7861);
insert into jobs (job_id, job_title, min_salary, max_salary) values (36, 'Structural Engineer', 982, 9623);
insert into jobs (job_id, job_title, min_salary, max_salary) values (37, 'Director of Sales', 961, 9308);
insert into jobs (job_id, job_title, min_salary, max_salary) values (38, 'Budget/Accounting Analyst II', 640, 2092);
insert into jobs (job_id, job_title, min_salary, max_salary) values (39, 'Information Systems Manager', 439, 2968);
insert into jobs (job_id, job_title, min_salary, max_salary) values (40, 'Nurse Practicioner', 850, 5608);

insert into countries (country_id, country_name, region_id) values ('RU', 'Colombia', 1);
insert into countries (country_id, country_name, region_id) values ('BR', 'China', 2);
insert into countries (country_id, country_name, region_id) values ('SD', 'Macedonia', 3);
insert into countries (country_id, country_name, region_id) values ('PG', 'Indonesia', 4);
insert into countries (country_id, country_name, region_id) values ('CO', 'Belarus', 5);
insert into countries (country_id, country_name, region_id) values ('ET', 'China', 6);
insert into countries (country_id, country_name, region_id) values ('KZ', 'United States', 7);
insert into countries (country_id, country_name, region_id) values ('US', 'Indonesia', 8);
insert into countries (country_id, country_name, region_id) values ('US', 'Russia', 9);
insert into countries (country_id, country_name, region_id) values ('CA', 'Haiti', 10);
insert into countries (country_id, country_name, region_id) values ('FJ', 'China', 11);
insert into countries (country_id, country_name, region_id) values ('PK', 'Czech Republic', 12);
insert into countries (country_id, country_name, region_id) values ('LK', 'China', 13);
insert into countries (country_id, country_name, region_id) values ('CA', 'Philippines', 14);
insert into countries (country_id, country_name, region_id) values ('CA', 'Morocco', 15);
insert into countries (country_id, country_name, region_id) values ('US', 'Japan', 16);
insert into countries (country_id, country_name, region_id) values ('CA', 'Russia', 17);
insert into countries (country_id, country_name, region_id) values ('BR', 'China', 18);
insert into countries (country_id, country_name, region_id) values ('EC', 'Iraq', 19);
insert into countries (country_id, country_name, region_id) values ('BR', 'Canada', 20);
insert into countries (country_id, country_name, region_id) values ('US', 'Indonesia', 21);
insert into countries (country_id, country_name, region_id) values ('ZM', 'China', 22);
insert into countries (country_id, country_name, region_id) values ('KH', 'China', 23);
insert into countries (country_id, country_name, region_id) values ('CA', 'Ukraine', 24);
insert into countries (country_id, country_name, region_id) values ('MX', 'Philippines', 25);
insert into countries (country_id, country_name, region_id) values ('MX', 'Poland', 26);
insert into countries (country_id, country_name, region_id) values ('AU', 'Thailand', 27);
insert into countries (country_id, country_name, region_id) values ('BR', 'Taiwan', 28);
insert into countries (country_id, country_name, region_id) values ('US', 'Greece', 29);
insert into countries (country_id, country_name, region_id) values ('PG', 'Indonesia', 30);
insert into countries (country_id, country_name, region_id) values ('BR', 'Bolivia', 31);
insert into countries (country_id, country_name, region_id) values ('DE', 'Russia', 32);
insert into countries (country_id, country_name, region_id) values ('CO', 'France', 33);
insert into countries (country_id, country_name, region_id) values ('US', 'China', 34);
insert into countries (country_id, country_name, region_id) values ('US', 'Poland', 35);
insert into countries (country_id, country_name, region_id) values ('FJ', 'Indonesia', 36);
insert into countries (country_id, country_name, region_id) values ('CA', 'Argentina', 37);
insert into countries (country_id, country_name, region_id) values ('US', 'Philippines', 38);
insert into countries (country_id, country_name, region_id) values ('EC', 'United Kingdom', 39);
insert into countries (country_id, country_name, region_id) values ('US', 'Russia', 40);

insert into locations (location_id, street_address, postal_code, city, state_province, country_id) values (1, '65 Bartelt Plaza', '74-210', 'Przelewice', null, 'PL');
insert into locations (location_id, street_address, postal_code, city, state_province, country_id) values (2, '54 Comanche Point', null, 'Masparrito', null, 'VE');
insert into locations (location_id, street_address, postal_code, city, state_province, country_id) values (3, '726 Mccormick Center', '442680', 'Nikol’sk', null, 'RU');
insert into locations (location_id, street_address, postal_code, city, state_province, country_id) values (4, '14 Fallview Plaza', null, 'Ghayl Bā Wazīr', null, 'YE');
insert into locations (location_id, street_address, postal_code, city, state_province, country_id) values (5, '8181 Hanson Plaza', null, 'Selorejo', null, 'ID');
insert into locations (location_id, street_address, postal_code, city, state_province, country_id) values (6, '11 Tomscot Pass', '439 24', 'Onsala', 'Halland', 'SE');
insert into locations (location_id, street_address, postal_code, city, state_province, country_id) values (7, '5 American Ash Terrace', null, 'Chauk', null, 'MM');
insert into locations (location_id, street_address, postal_code, city, state_province, country_id) values (8, '68775 Loomis Street', '1033', 'Sydney', 'New South Wales', 'AU');
insert into locations (location_id, street_address, postal_code, city, state_province, country_id) values (9, '15 Atwood Park', null, 'Ngluwuk', null, 'ID');
insert into locations (location_id, street_address, postal_code, city, state_province, country_id) values (10, '30981 Acker Point', null, 'Jalqamūs', null, 'PS');
insert into locations (location_id, street_address, postal_code, city, state_province, country_id) values (11, '0 Vahlen Street', null, 'Bulubrangsi', null, 'ID');
insert into locations (location_id, street_address, postal_code, city, state_province, country_id) values (12, '523 Mesta Terrace', '80204', 'Denver', 'Colorado', 'US');
insert into locations (location_id, street_address, postal_code, city, state_province, country_id) values (13, '9353 Crest Line Plaza', '203048', 'Chiriguaná', null, 'CO');
insert into locations (location_id, street_address, postal_code, city, state_province, country_id) values (14, '811 Ryan Place', '106 32', 'Stockholm', 'Stockholm', 'SE');
insert into locations (location_id, street_address, postal_code, city, state_province, country_id) values (15, '988 Springview Street', '98140', 'Seattle', 'Washington', 'US');
insert into locations (location_id, street_address, postal_code, city, state_province, country_id) values (16, '01847 Doe Crossing Road', null, 'Khodzhi-Gasan', null, 'AZ');
insert into locations (location_id, street_address, postal_code, city, state_province, country_id) values (17, '9 Florence Crossing', '140235', 'Khorlovo', null, 'RU');
insert into locations (location_id, street_address, postal_code, city, state_province, country_id) values (18, '56 Golden Leaf Avenue', '93848', 'Venustiano Carranza', 'Veracruz Llave', 'MX');
insert into locations (location_id, street_address, postal_code, city, state_province, country_id) values (19, '35 Cottonwood Place', null, 'Santa Bernardina', null, 'UY');
insert into locations (location_id, street_address, postal_code, city, state_province, country_id) values (20, '9 Thackeray Alley', null, 'Wenshao', null, 'CN');
insert into locations (location_id, street_address, postal_code, city, state_province, country_id) values (21, '2 Fairview Pass', '411008', 'Aipe', null, 'CO');
insert into locations (location_id, street_address, postal_code, city, state_province, country_id) values (22, '2 Talmadge Center', null, 'Pangansalan', null, 'ID');
insert into locations (location_id, street_address, postal_code, city, state_province, country_id) values (23, '38503 Hoepker Junction', null, 'Karanganyar', null, 'ID');
insert into locations (location_id, street_address, postal_code, city, state_province, country_id) values (24, '9745 Montana Junction', null, 'Beixiang', null, 'CN');
insert into locations (location_id, street_address, postal_code, city, state_province, country_id) values (25, '5777 Randy Point', '96825', 'Honolulu', 'Hawaii', 'US');
insert into locations (location_id, street_address, postal_code, city, state_province, country_id) values (26, '52829 Manitowish Junction', null, 'Lidong', null, 'CN');
insert into locations (location_id, street_address, postal_code, city, state_province, country_id) values (27, '4 Laurel Drive', null, 'Baorixile', null, 'CN');
insert into locations (location_id, street_address, postal_code, city, state_province, country_id) values (28, '1128 2nd Circle', null, 'Dampek', null, 'ID');
insert into locations (location_id, street_address, postal_code, city, state_province, country_id) values (29, '10 Morningstar Lane', null, 'Leicheng', null, 'CN');
insert into locations (location_id, street_address, postal_code, city, state_province, country_id) values (30, '45062 Eastwood Place', '52081', 'Rasūlnagar', null, 'PK');
insert into locations (location_id, street_address, postal_code, city, state_province, country_id) values (31, '423 Evergreen Place', '63456', 'Hanau', 'Hessen', 'DE');
insert into locations (location_id, street_address, postal_code, city, state_province, country_id) values (32, '033 Dayton Drive', null, 'Changgucheng', null, 'CN');
insert into locations (location_id, street_address, postal_code, city, state_province, country_id) values (33, '03019 Chinook Way', '1035', 'Budapest', 'Budapest', 'HU');
insert into locations (location_id, street_address, postal_code, city, state_province, country_id) values (34, '88 Anderson Lane', null, 'Bondokodi', null, 'ID');
insert into locations (location_id, street_address, postal_code, city, state_province, country_id) values (35, '7 Summerview Court', null, 'Uyuni', null, 'BO');
insert into locations (location_id, street_address, postal_code, city, state_province, country_id) values (36, '64209 Paget Drive', null, 'Trikora', null, 'ID');
insert into locations (location_id, street_address, postal_code, city, state_province, country_id) values (37, '607 Talisman Road', '19160-000', 'Álvares Machado', null, 'BR');
insert into locations (location_id, street_address, postal_code, city, state_province, country_id) values (38, '5553 Oak Drive', '3313', 'Pandan Niog', null, 'PH');
insert into locations (location_id, street_address, postal_code, city, state_province, country_id) values (39, '30 Monument Drive', null, 'Xuling', null, 'CN');
insert into locations (location_id, street_address, postal_code, city, state_province, country_id) values (40, '46 Fuller Circle', '1219', 'Baganga', null, 'PH');


insert into departments (department_name, location_id, department_id) values ('Product Management', 12, 3);
insert into departments (department_name, location_id, department_id) values ('ITS', 8, 4);
insert into departments (department_name, location_id, department_id) values ('Business Development', 12, 5);
insert into departments (department_name, location_id, department_id) values ('Human Resources', 13, 6);

insert into employees (employee_id, first_name, last_name, email, hire_date, job_id, salary, commission_pct, manager_id, department_id, postal_address) values (2, 'Thorvald', 'Coulthard', 'tcoulthard0@umich.edu', GETDATE(), 1, 8762, 0, 1, 1, '81393 Mendota Trail');
insert into employees (employee_id, first_name, last_name, email, hire_date, job_id, salary, commission_pct, manager_id, department_id, postal_address) values (2, 'Andrea', 'Piwell', 'apiwell1@irs.gov', GETDATE(), 2, 2551, 0, 2, 2, '42952 Claremont Court');
insert into employees (employee_id, first_name, last_name, email, hire_date, job_id, salary, commission_pct, manager_id, department_id, postal_address) values (3, 'Dionysus', 'Rosel', 'drosel2@buzzfeed.com', GETDATE(), 3, 9312, 0, 3, 3, '51 Golf View Center');
insert into employees (employee_id, first_name, last_name, email, hire_date, job_id, salary, commission_pct, manager_id, department_id, postal_address) values (4, 'Brittney', 'Vassall', 'bvassall3@mlb.com', GETDATE(), 4, 796, 0, 4, 4, '0 Sunnyside Hill');
insert into employees (employee_id, first_name, last_name, email, hire_date, job_id, salary, commission_pct, manager_id, department_id, postal_address) values (5, 'Fidole', 'Cardon', 'fcardon4@sakura.ne.jp', GETDATE(), 5, 5337, 0, 5, 5, '29916 Hallows Road');
insert into employees (employee_id, first_name, last_name, email, hire_date, job_id, salary, commission_pct, manager_id, department_id, postal_address) values (6, 'Christy', 'Fumagallo', 'cfumagallo5@house.gov', GETDATE(), 6, 9811, 0, 6, 6, '1 Marquette Way');
insert into employees (employee_id, first_name, last_name, email, hire_date, job_id, salary, commission_pct, manager_id, department_id, postal_address) values (7, 'Flossy', 'MacGow', 'fmacgow6@constantcontact.com', GETDATE(), 7, 9673, 0, 7, 7, '3 Old Shore Circle');
insert into employees (employee_id, first_name, last_name, email, hire_date, job_id, salary, commission_pct, manager_id, department_id, postal_address) values (8, 'Berte', 'Vannoort', 'bvannoort7@thetimes.co.uk', GETDATE(), 8, 8314, 0, 8, 8, '44 Ryan Circle');
insert into employees (employee_id, first_name, last_name, email, hire_date, job_id, salary, commission_pct, manager_id, department_id, postal_address) values (9, 'Hunfredo', 'Ratt', 'hratt8@yellowbook.com', GETDATE(), 9, 7908, 0, 9, 9, '7629 Banding Park');
insert into employees (employee_id, first_name, last_name, email, hire_date, job_id, salary, commission_pct, manager_id, department_id, postal_address) values (10, 'Crin', 'Fleeming', 'cfleeming9@whitehouse.gov', GETDATE(), 10, 6230, 0, 10, 10, '9520 Elgar Street');
insert into employees (employee_id, first_name, last_name, email, hire_date, job_id, salary, commission_pct, manager_id, department_id, postal_address) values (11, 'Arlana', 'Hallatt', 'ahallatta@cyberchimps.com', GETDATE(), 11, 7795, 0, 11, 11, '297 Westport Terrace');
insert into employees (employee_id, first_name, last_name, email, hire_date, job_id, salary, commission_pct, manager_id, department_id, postal_address) values (12, 'Reagen', 'Klainman', 'rklainmanb@slashdot.org', GETDATE(), 12, 16, 0, 12, 12, '694 Bluejay Road');
insert into employees (employee_id, first_name, last_name, email, hire_date, job_id, salary, commission_pct, manager_id, department_id, postal_address) values (13, 'Harvey', 'Scopyn', 'hscopync@ucoz.com', GETDATE(), 13, 9780, 0, 13, 13, '145 Bobwhite Crossing');
insert into employees (employee_id, first_name, last_name, email, hire_date, job_id, salary, commission_pct, manager_id, department_id, postal_address) values (14, 'Verine', 'Shorthill', 'vshorthilld@youtu.be', GETDATE(), 14, 4583, 0, 14, 14, '7 Petterle Avenue');
insert into employees (employee_id, first_name, last_name, email, hire_date, job_id, salary, commission_pct, manager_id, department_id, postal_address) values (15, 'Mella', 'Geere', 'mgeeree@myspace.com', GETDATE(), 15, 6312, 0, 15, 15, '7718 Esch Lane');
insert into employees (employee_id, first_name, last_name, email, hire_date, job_id, salary, commission_pct, manager_id, department_id, postal_address) values (16, 'Jermain', 'Greguol', 'jgreguolf@dedecms.com', GETDATE(), 16, 3272, 0, 16, 16, '196 Northport Trail');
insert into employees (employee_id, first_name, last_name, email, hire_date, job_id, salary, commission_pct, manager_id, department_id, postal_address) values (17, 'Sigismond', 'Moraleda', 'smoraledag@wordpress.org', GETDATE(), 17, 6048, 0, 17, 17, '3308 Burrows Court');
insert into employees (employee_id, first_name, last_name, email, hire_date, job_id, salary, commission_pct, manager_id, department_id, postal_address) values (18, 'Victoir', 'Greensides', 'vgreensidesh@unblog.fr', GETDATE(), 18, 8234, 0, 18, 18, '1716 Rockefeller Park');
insert into employees (employee_id, first_name, last_name, email, hire_date, job_id, salary, commission_pct, manager_id, department_id, postal_address) values (19, 'Cissy', 'Trammel', 'ctrammeli@yahoo.co.jp', GETDATE(), 19, 9073, 0, 19, 19, '22621 Mayfield Junction');
insert into employees (employee_id, first_name, last_name, email, hire_date, job_id, salary, commission_pct, manager_id, department_id, postal_address) values (20, 'Auguste', 'Harden', 'ahardenj@pagesperso-orange.fr', GETDATE(), 20, 768, 0, 20, 20, '07525 Anniversary Court');
insert into employees (employee_id, first_name, last_name, email, hire_date, job_id, salary, commission_pct, manager_id, department_id, postal_address) values (21, 'Jakob', 'Bocke', 'jbockek@jalbum.net', GETDATE(), 21, 6253, 0, 21, 21, '190 Southridge Lane');
insert into employees (employee_id, first_name, last_name, email, hire_date, job_id, salary, commission_pct, manager_id, department_id, postal_address) values (22, 'Cathryn', 'Biddell', 'cbiddelll@surveymonkey.com', GETDATE(), 22, 2092, 0, 22, 22, '28229 Fieldstone Terrace');
insert into employees (employee_id, first_name, last_name, email, hire_date, job_id, salary, commission_pct, manager_id, department_id, postal_address) values (23, 'Cory', 'Castano', 'ccastanom@slideshare.net', GETDATE(), 23, 8195, 0, 23, 23, '85824 Caliangt Road');


insert into job_history(employee_id, start_date, end_date, job_id, department_id) values (1,'2008-11-11','2011-11-11',2,1)
insert into job_history(employee_id, start_date, end_date, job_id, department_id) values (4,'2008-11-11','2011-11-11',31,1)
insert into job_history(employee_id, start_date, end_date, job_id, department_id) values (5,'2020-11-11','2021-11-11',32,3)
insert into job_history(employee_id, start_date, end_date, job_id, department_id) values (6,'2018-11-11','2021-11-11',32,4)

TRUNCATE TABLE countries
TRUNCATE TABLE departments
TRUNCATE TABLE employees
TRUNCATE TABLE job_history
TRUNCATE TABLE jobs
TRUNCATE TABLE locations
TRUNCATE TABLE pay
TRUNCATE TABLE projects
TRUNCATE TABLE projects_employees
TRUNCATE TABLE regions